"Administrator","admin@sustain.vn","admin@sustain.vn","10.224.152.71","admin@sustain.vn","","admin@sustain.vn","*","DELETE","","*","0"
"user1","user1@sustain.vn","user1@sustain.vn","10.224.152.71","user1@sustain.vn","","user1@sustain.vn","*","DELETE","","*","0"
"user2","user2@sustain.vn","user2@sustain.vn","10.224.152.71","user2@sustain.vn","","user2@sustain.vn","*","DELETE","","*","0"
"user3","user3@sustain.vn","user3@sustain.vn","10.224.152.71","user3@sustain.vn","","user3@sustain.vn","*","DELETE","","*","0"
"user4","user4@sustain.vn","user4@sustain.vn","10.224.152.71","user4@sustain.vn","","user4@sustain.vn","*","DELETE","","*","0"
"user5","user5@sustain.vn","user5@sustain.vn","10.224.152.71","user5@sustain.vn","","user5@sustain.vn","*","DELETE","","*","0"
"user6","user6@sustain.vn","user6@sustain.vn","10.224.152.71","user6@sustain.vn","","user6@sustain.vn","*","DELETE","","*","0"
"user7","user7@sustain.vn","user7@sustain.vn","10.224.152.71","user7@sustain.vn","","user7@sustain.vn","*","DELETE","","*","0"
"user8","user8@sustain.vn","user8@sustain.vn","10.224.152.71","user8@sustain.vn","","user8@sustain.vn","*","DELETE","","*","0"
"user9","user9@sustain.vn","user9@sustain.vn","10.224.152.71","user9@sustain.vn","","user9@sustain.vn","*","DELETE","","*","0"
"user10","user10@sustain.vn","user10@sustain.vn","10.224.152.71","user10@sustain.vn","","user10@sustain.vn","*","DELETE","","*","0"
"user11","user11@sustain.vn","user11@sustain.vn","10.224.152.71","user11@sustain.vn","","user11@sustain.vn","*","DELETE","","*","0"
"user12","user12@sustain.vn","user12@sustain.vn","10.224.152.71","user12@sustain.vn","","user12@sustain.vn","*","DELETE","","*","0"
"user13","user13@sustain.vn","user13@sustain.vn","10.224.152.71","user13@sustain.vn","","user13@sustain.vn","*","DELETE","","*","0"
"user14","user14@sustain.vn","user14@sustain.vn","10.224.152.71","user14@sustain.vn","","user14@sustain.vn","*","DELETE","","*","0"
"user15","user15@sustain.vn","user15@sustain.vn","10.224.152.71","user15@sustain.vn","","user15@sustain.vn","*","DELETE","","*","0"
"user16","user16@sustain.vn","user16@sustain.vn","10.224.152.71","user16@sustain.vn","","user16@sustain.vn","*","DELETE","","*","0"
"user17","user17@sustain.vn","user17@sustain.vn","10.224.152.71","user17@sustain.vn","","user17@sustain.vn","*","DELETE","","*","0"
"user18","user18@sustain.vn","user18@sustain.vn","10.224.152.71","user18@sustain.vn","","user18@sustain.vn","*","DELETE","","*","0"
"user19","user19@sustain.vn","user19@sustain.vn","10.224.152.71","user19@sustain.vn","","user19@sustain.vn","*","DELETE","","*","0"
"user20","user20@sustain.vn","user20@sustain.vn","10.224.152.71","user20@sustain.vn","","user20@sustain.vn","*","DELETE","","*","0"
"user21","user21@sustain.vn","user21@sustain.vn","10.224.152.71","user21@sustain.vn","","user21@sustain.vn","*","DELETE","","*","0"
"user22","user22@sustain.vn","user22@sustain.vn","10.224.152.71","user22@sustain.vn","","user22@sustain.vn","*","DELETE","","*","0"
"user23","user23@sustain.vn","user23@sustain.vn","10.224.152.71","user23@sustain.vn","","user23@sustain.vn","*","DELETE","","*","0"
"user24","user24@sustain.vn","user24@sustain.vn","10.224.152.71","user24@sustain.vn","","user24@sustain.vn","*","DELETE","","*","0"
"user25","user25@sustain.vn","user25@sustain.vn","10.224.152.71","user25@sustain.vn","","user25@sustain.vn","*","DELETE","","*","0"
"user26","user26@sustain.vn","user26@sustain.vn","10.224.152.71","user26@sustain.vn","","user26@sustain.vn","*","DELETE","","*","0"
"user27","user27@sustain.vn","user27@sustain.vn","10.224.152.71","user27@sustain.vn","","user27@sustain.vn","*","DELETE","","*","0"
"user28","user28@sustain.vn","user28@sustain.vn","10.224.152.71","user28@sustain.vn","","user28@sustain.vn","*","DELETE","","*","0"
"user29","user29@sustain.vn","user29@sustain.vn","10.224.152.71","user29@sustain.vn","","user29@sustain.vn","*","DELETE","","*","0"
"user30","user30@sustain.vn","user30@sustain.vn","10.224.152.71","user30@sustain.vn","","user30@sustain.vn","*","DELETE","","*","0"
"user31","user31@sustain.vn","user31@sustain.vn","10.224.152.71","user31@sustain.vn","","user31@sustain.vn","*","DELETE","","*","0"
"user32","user32@sustain.vn","user32@sustain.vn","10.224.152.71","user32@sustain.vn","","user32@sustain.vn","*","DELETE","","*","0"
"user33","user33@sustain.vn","user33@sustain.vn","10.224.152.71","user33@sustain.vn","","user33@sustain.vn","*","DELETE","","*","0"
"user34","user34@sustain.vn","user34@sustain.vn","10.224.152.71","user34@sustain.vn","","user34@sustain.vn","*","DELETE","","*","0"
"user35","user35@sustain.vn","user35@sustain.vn","10.224.152.71","user35@sustain.vn","","user35@sustain.vn","*","DELETE","","*","0"
"user36","user36@sustain.vn","user36@sustain.vn","10.224.152.71","user36@sustain.vn","","user36@sustain.vn","*","DELETE","","*","0"
"user37","user37@sustain.vn","user37@sustain.vn","10.224.152.71","user37@sustain.vn","","user37@sustain.vn","*","DELETE","","*","0"
"user38","user38@sustain.vn","user38@sustain.vn","10.224.152.71","user38@sustain.vn","","user38@sustain.vn","*","DELETE","","*","0"
"user39","user39@sustain.vn","user39@sustain.vn","10.224.152.71","user39@sustain.vn","","user39@sustain.vn","*","DELETE","","*","0"
"user40","user40@sustain.vn","user40@sustain.vn","10.224.152.71","user40@sustain.vn","","user40@sustain.vn","*","DELETE","","*","0"
"user41","user41@sustain.vn","user41@sustain.vn","10.224.152.71","user41@sustain.vn","","user41@sustain.vn","*","DELETE","","*","0"
"user42","user42@sustain.vn","user42@sustain.vn","10.224.152.71","user42@sustain.vn","","user42@sustain.vn","*","DELETE","","*","0"
"user43","user43@sustain.vn","user43@sustain.vn","10.224.152.71","user43@sustain.vn","","user43@sustain.vn","*","DELETE","","*","0"
"user44","user44@sustain.vn","user44@sustain.vn","10.224.152.71","user44@sustain.vn","","user44@sustain.vn","*","DELETE","","*","0"
"user45","user45@sustain.vn","user45@sustain.vn","10.224.152.71","user45@sustain.vn","","user45@sustain.vn","*","DELETE","","*","0"
"user46","user46@sustain.vn","user46@sustain.vn","10.224.152.71","user46@sustain.vn","","user46@sustain.vn","*","DELETE","","*","0"
"user47","user47@sustain.vn","user47@sustain.vn","10.224.152.71","user47@sustain.vn","","user47@sustain.vn","*","DELETE","","*","0"
"user48","user48@sustain.vn","user48@sustain.vn","10.224.152.71","user48@sustain.vn","","user48@sustain.vn","*","DELETE","","*","0"
"user49","user49@sustain.vn","user49@sustain.vn","10.224.152.71","user49@sustain.vn","","user49@sustain.vn","*","DELETE","","*","0"
"user50","user50@sustain.vn","user50@sustain.vn","10.224.152.71","user50@sustain.vn","","user50@sustain.vn","*","DELETE","","*","0"
"user51","user51@sustain.vn","user51@sustain.vn","10.224.152.71","user51@sustain.vn","","user51@sustain.vn","*","DELETE","","*","0"
"user52","user52@sustain.vn","user52@sustain.vn","10.224.152.71","user52@sustain.vn","","user52@sustain.vn","*","DELETE","","*","0"
"user53","user53@sustain.vn","user53@sustain.vn","10.224.152.71","user53@sustain.vn","","user53@sustain.vn","*","DELETE","","*","0"
"user54","user54@sustain.vn","user54@sustain.vn","10.224.152.71","user54@sustain.vn","","user54@sustain.vn","*","DELETE","","*","0"
"user55","user55@sustain.vn","user55@sustain.vn","10.224.152.71","user55@sustain.vn","","user55@sustain.vn","*","DELETE","","*","0"
"user56","user56@sustain.vn","user56@sustain.vn","10.224.152.71","user56@sustain.vn","","user56@sustain.vn","*","DELETE","","*","0"
"user57","user57@sustain.vn","user57@sustain.vn","10.224.152.71","user57@sustain.vn","","user57@sustain.vn","*","DELETE","","*","0"
"user58","user58@sustain.vn","user58@sustain.vn","10.224.152.71","user58@sustain.vn","","user58@sustain.vn","*","DELETE","","*","0"
"user59","user59@sustain.vn","user59@sustain.vn","10.224.152.71","user59@sustain.vn","","user59@sustain.vn","*","DELETE","","*","0"
"user60","user60@sustain.vn","user60@sustain.vn","10.224.152.71","user60@sustain.vn","","user60@sustain.vn","*","DELETE","","*","0"
"user61","user61@sustain.vn","user61@sustain.vn","10.224.152.71","user61@sustain.vn","","user61@sustain.vn","*","DELETE","","*","0"
"user62","user62@sustain.vn","user62@sustain.vn","10.224.152.71","user62@sustain.vn","","user62@sustain.vn","*","DELETE","","*","0"
"user63","user63@sustain.vn","user63@sustain.vn","10.224.152.71","user63@sustain.vn","","user63@sustain.vn","*","DELETE","","*","0"
"user64","user64@sustain.vn","user64@sustain.vn","10.224.152.71","user64@sustain.vn","","user64@sustain.vn","*","DELETE","","*","0"
"user65","user65@sustain.vn","user65@sustain.vn","10.224.152.71","user65@sustain.vn","","user65@sustain.vn","*","DELETE","","*","0"
"user66","user66@sustain.vn","user66@sustain.vn","10.224.152.71","user66@sustain.vn","","user66@sustain.vn","*","DELETE","","*","0"
"user67","user67@sustain.vn","user67@sustain.vn","10.224.152.71","user67@sustain.vn","","user67@sustain.vn","*","DELETE","","*","0"
"user68","user68@sustain.vn","user68@sustain.vn","10.224.152.71","user68@sustain.vn","","user68@sustain.vn","*","DELETE","","*","0"
"user69","user69@sustain.vn","user69@sustain.vn","10.224.152.71","user69@sustain.vn","","user69@sustain.vn","*","DELETE","","*","0"
"user70","user70@sustain.vn","user70@sustain.vn","10.224.152.71","user70@sustain.vn","","user70@sustain.vn","*","DELETE","","*","0"
"user71","user71@sustain.vn","user71@sustain.vn","10.224.152.71","user71@sustain.vn","","user71@sustain.vn","*","DELETE","","*","0"
"user72","user72@sustain.vn","user72@sustain.vn","10.224.152.71","user72@sustain.vn","","user72@sustain.vn","*","DELETE","","*","0"
"user73","user73@sustain.vn","user73@sustain.vn","10.224.152.71","user73@sustain.vn","","user73@sustain.vn","*","DELETE","","*","0"
"user74","user74@sustain.vn","user74@sustain.vn","10.224.152.71","user74@sustain.vn","","user74@sustain.vn","*","DELETE","","*","0"
"user75","user75@sustain.vn","user75@sustain.vn","10.224.152.71","user75@sustain.vn","","user75@sustain.vn","*","DELETE","","*","0"
"user76","user76@sustain.vn","user76@sustain.vn","10.224.152.71","user76@sustain.vn","","user76@sustain.vn","*","DELETE","","*","0"
"user77","user77@sustain.vn","user77@sustain.vn","10.224.152.71","user77@sustain.vn","","user77@sustain.vn","*","DELETE","","*","0"
"user78","user78@sustain.vn","user78@sustain.vn","10.224.152.71","user78@sustain.vn","","user78@sustain.vn","*","DELETE","","*","0"
"user79","user79@sustain.vn","user79@sustain.vn","10.224.152.71","user79@sustain.vn","","user79@sustain.vn","*","DELETE","","*","0"
"user80","user80@sustain.vn","user80@sustain.vn","10.224.152.71","user80@sustain.vn","","user80@sustain.vn","*","DELETE","","*","0"
"user81","user81@sustain.vn","user81@sustain.vn","10.224.152.71","user81@sustain.vn","","user81@sustain.vn","*","DELETE","","*","0"
"user82","user82@sustain.vn","user82@sustain.vn","10.224.152.71","user82@sustain.vn","","user82@sustain.vn","*","DELETE","","*","0"
"user83","user83@sustain.vn","user83@sustain.vn","10.224.152.71","user83@sustain.vn","","user83@sustain.vn","*","DELETE","","*","0"
"user84","user84@sustain.vn","user84@sustain.vn","10.224.152.71","user84@sustain.vn","","user84@sustain.vn","*","DELETE","","*","0"
"user85","user85@sustain.vn","user85@sustain.vn","10.224.152.71","user85@sustain.vn","","user85@sustain.vn","*","DELETE","","*","0"
"user86","user86@sustain.vn","user86@sustain.vn","10.224.152.71","user86@sustain.vn","","user86@sustain.vn","*","DELETE","","*","0"
"user87","user87@sustain.vn","user87@sustain.vn","10.224.152.71","user87@sustain.vn","","user87@sustain.vn","*","DELETE","","*","0"
"user88","user88@sustain.vn","user88@sustain.vn","10.224.152.71","user88@sustain.vn","","user88@sustain.vn","*","DELETE","","*","0"
"user89","user89@sustain.vn","user89@sustain.vn","10.224.152.71","user89@sustain.vn","","user89@sustain.vn","*","DELETE","","*","0"
"user90","user90@sustain.vn","user90@sustain.vn","10.224.152.71","user90@sustain.vn","","user90@sustain.vn","*","DELETE","","*","0"
"user91","user91@sustain.vn","user91@sustain.vn","10.224.152.71","user91@sustain.vn","","user91@sustain.vn","*","DELETE","","*","0"
"user92","user92@sustain.vn","user92@sustain.vn","10.224.152.71","user92@sustain.vn","","user92@sustain.vn","*","DELETE","","*","0"
"user93","user93@sustain.vn","user93@sustain.vn","10.224.152.71","user93@sustain.vn","","user93@sustain.vn","*","DELETE","","*","0"
"user94","user94@sustain.vn","user94@sustain.vn","10.224.152.71","user94@sustain.vn","","user94@sustain.vn","*","DELETE","","*","0"
"user95","user95@sustain.vn","user95@sustain.vn","10.224.152.71","user95@sustain.vn","","user95@sustain.vn","*","DELETE","","*","0"
"user96","user96@sustain.vn","user96@sustain.vn","10.224.152.71","user96@sustain.vn","","user96@sustain.vn","*","DELETE","","*","0"
"user97","user97@sustain.vn","user97@sustain.vn","10.224.152.71","user97@sustain.vn","","user97@sustain.vn","*","DELETE","","*","0"
"user98","user98@sustain.vn","user98@sustain.vn","10.224.152.71","user98@sustain.vn","","user98@sustain.vn","*","DELETE","","*","0"
"user99","user99@sustain.vn","user99@sustain.vn","10.224.152.71","user99@sustain.vn","","user99@sustain.vn","*","DELETE","","*","0"
"user100","user100@sustain.vn","user100@sustain.vn","10.224.152.71","user100@sustain.vn","","user100@sustain.vn","*","DELETE","","*","0"
