"user1","user1","user1","cybozu","","","","1","","","","","","",""
"user2","user2","user2","cybozu","","","","1","","","","","","",""
"user3","user3","user3","cybozu","","","","1","","","","","","",""
"user4","user4","user4","cybozu","","","","1","","","","","","",""
"user5","user5","user5","cybozu","","","","1","","","","","","",""
"user6","user6","user6","cybozu","","","","1","","","","","","",""
"user7","user7","user7","cybozu","","","","1","","","","","","",""
"user8","user8","user8","cybozu","","","","1","","","","","","",""
"user9","user9","user9","cybozu","","","","1","","","","","","",""
"user10","user10","user10","cybozu","","","","1","","","","","","",""
"user11","user11","user11","cybozu","","","","1","","","","","","",""
"user12","user12","user12","cybozu","","","","1","","","","","","",""
"user13","user13","user13","cybozu","","","","1","","","","","","",""
"user14","user14","user14","cybozu","","","","1","","","","","","",""
"user15","user15","user15","cybozu","","","","1","","","","","","",""
"user16","user16","user16","cybozu","","","","1","","","","","","",""
"user17","user17","user17","cybozu","","","","1","","","","","","",""
"user18","user18","user18","cybozu","","","","1","","","","","","",""
"user19","user19","user19","cybozu","","","","1","","","","","","",""
"user20","user20","user20","cybozu","","","","1","","","","","","",""
"user21","user21","user21","cybozu","","","","1","","","","","","",""
"user22","user22","user22","cybozu","","","","1","","","","","","",""
"user23","user23","user23","cybozu","","","","1","","","","","","",""
"user24","user24","user24","cybozu","","","","1","","","","","","",""
"user25","user25","user25","cybozu","","","","1","","","","","","",""
"user26","user26","user26","cybozu","","","","1","","","","","","",""
"user27","user27","user27","cybozu","","","","1","","","","","","",""
"user28","user28","user28","cybozu","","","","1","","","","","","",""
"user29","user29","user29","cybozu","","","","1","","","","","","",""
"user30","user30","user30","cybozu","","","","1","","","","","","",""
"user31","user31","user31","cybozu","","","","1","","","","","","",""
"user32","user32","user32","cybozu","","","","1","","","","","","",""
"user33","user33","user33","cybozu","","","","1","","","","","","",""
"user34","user34","user34","cybozu","","","","1","","","","","","",""
"user35","user35","user35","cybozu","","","","1","","","","","","",""
"user36","user36","user36","cybozu","","","","1","","","","","","",""
"user37","user37","user37","cybozu","","","","1","","","","","","",""
"user38","user38","user38","cybozu","","","","1","","","","","","",""
"user39","user39","user39","cybozu","","","","1","","","","","","",""
"user40","user40","user40","cybozu","","","","1","","","","","","",""
"user41","user41","user41","cybozu","","","","1","","","","","","",""
"user42","user42","user42","cybozu","","","","1","","","","","","",""
"user43","user43","user43","cybozu","","","","1","","","","","","",""
"user44","user44","user44","cybozu","","","","1","","","","","","",""
"user45","user45","user45","cybozu","","","","1","","","","","","",""
"user46","user46","user46","cybozu","","","","1","","","","","","",""
"user47","user47","user47","cybozu","","","","1","","","","","","",""
"user48","user48","user48","cybozu","","","","1","","","","","","",""
"user49","user49","user49","cybozu","","","","1","","","","","","",""
"user50","user50","user50","cybozu","","","","1","","","","","","",""
"user51","user51","user51","cybozu","","","","1","","","","","","",""
"user52","user52","user52","cybozu","","","","1","","","","","","",""
"user53","user53","user53","cybozu","","","","1","","","","","","",""
"user54","user54","user54","cybozu","","","","1","","","","","","",""
"user55","user55","user55","cybozu","","","","1","","","","","","",""
"user56","user56","user56","cybozu","","","","1","","","","","","",""
"user57","user57","user57","cybozu","","","","1","","","","","","",""
"user58","user58","user58","cybozu","","","","1","","","","","","",""
"user59","user59","user59","cybozu","","","","1","","","","","","",""
"user60","user60","user60","cybozu","","","","1","","","","","","",""
"user61","user61","user61","cybozu","","","","1","","","","","","",""
"user62","user62","user62","cybozu","","","","1","","","","","","",""
"user63","user63","user63","cybozu","","","","1","","","","","","",""
"user64","user64","user64","cybozu","","","","1","","","","","","",""
"user65","user65","user65","cybozu","","","","1","","","","","","",""
"user66","user66","user66","cybozu","","","","1","","","","","","",""
"user67","user67","user67","cybozu","","","","1","","","","","","",""
"user68","user68","user68","cybozu","","","","1","","","","","","",""
"user69","user69","user69","cybozu","","","","1","","","","","","",""
"user70","user70","user70","cybozu","","","","1","","","","","","",""
"user71","user71","user71","cybozu","","","","1","","","","","","",""
"user72","user72","user72","cybozu","","","","1","","","","","","",""
"user73","user73","user73","cybozu","","","","1","","","","","","",""
"user74","user74","user74","cybozu","","","","1","","","","","","",""
"user75","user75","user75","cybozu","","","","1","","","","","","",""
"user76","user76","user76","cybozu","","","","1","","","","","","",""
"user77","user77","user77","cybozu","","","","1","","","","","","",""
"user78","user78","user78","cybozu","","","","1","","","","","","",""
"user79","user79","user79","cybozu","","","","1","","","","","","",""
"user80","user80","user80","cybozu","","","","1","","","","","","",""
"user81","user81","user81","cybozu","","","","1","","","","","","",""
"user82","user82","user82","cybozu","","","","1","","","","","","",""
"user83","user83","user83","cybozu","","","","1","","","","","","",""
"user84","user84","user84","cybozu","","","","1","","","","","","",""
"user85","user85","user85","cybozu","","","","1","","","","","","",""
"user86","user86","user86","cybozu","","","","1","","","","","","",""
"user87","user87","user87","cybozu","","","","1","","","","","","",""
"user88","user88","user88","cybozu","","","","1","","","","","","",""
"user89","user89","user89","cybozu","","","","1","","","","","","",""
"user90","user90","user90","cybozu","","","","1","","","","","","",""
"user91","user91","user91","cybozu","","","","1","","","","","","",""
"user92","user92","user92","cybozu","","","","1","","","","","","",""
"user93","user93","user93","cybozu","","","","1","","","","","","",""
"user94","user94","user94","cybozu","","","","1","","","","","","",""
"user95","user95","user95","cybozu","","","","1","","","","","","",""
"user96","user96","user96","cybozu","","","","1","","","","","","",""
"user97","user97","user97","cybozu","","","","1","","","","","","",""
"user98","user98","user98","cybozu","","","","1","","","","","","",""
"user99","user99","user99","cybozu","","","","1","","","","","","",""
"user100","user100","user100","cybozu","","","","1","","","","","","",""
